{
    "numeric_cols": [
        "car_speed",
        "ray_dist_0",
        "ray_dist_1",
        "ray_dist_2",
        "ray_dist_3",
        "ray_dist_4",
        "ray_dist_5",
        "ray_dist_6",
        "ray_dist_7",
        "ray_dist_8",
        "ray_dist_9",
        "ray_dist_10",
        "ray_dist_11",
        "ray_dist_12",
        "ray_dist_13",
        "ray_dist_14",
        "ray_dist_15",
        "ray_dist_16",
        "ray_dist_17",
        "ray_dist_18",
        "ray_dist_19"
    ],
    "mean": [
        7.786973474609164,
        212.0600107220659,
        245.66323124471148,
        308.4634162034958,
        401.78105966313484,
        506.7003190947204,
        594.3867472820355,
        606.549596274012,
        590.6971401552462,
        507.34086512224945,
        393.0277168953921,
        309.6913226881855,
        253.11170084303782,
        219.22842080795155,
        201.14233181771377,
        261.9698353784253,
        508.3991838178274,
        588.7443014461321,
        318.56660837575816,
        190.97363913038663,
        179.51455206155143
    ],
    "scale": [
        2.889557747200657,
        145.89020538939823,
        166.11962497787252,
        210.36497937607646,
        250.8312452749346,
        262.282366879994,
        259.5239196216264,
        271.04631128317186,
        277.96788742199163,
        268.0215170166209,
        229.58482740768687,
        192.72004465186703,
        158.60595508940222,
        136.97647359619776,
        147.32742284355348,
        169.37119486133315,
        268.9995252763755,
        275.1428380586804,
        215.74515132077758,
        117.31272676085104,
        113.12741565394161
    ]
}